
{
    "posts": [
      { "username": "Dianne Russell", "phoneno": "+7(123)029-76-47", "emailid": "dianne.russell@gmail.com" },
      { "username": "Jacob Jones", "phoneno": "+7(123)442-90-62", "emailid": "jacob.jones@gmail.com" },
      { "username": "Wade Warren", "phoneno": "+7(123)712-21-31", "emailid": "wade.warren@gmail.com" },

      { "username": "Bessie Cooper", "phoneno": "+7(123)072-36-28", "emailid": "bessie.cooper@gmail.com" },
      { "username": "Leslie Alexander", "phoneno": "+7(123)072-36-28", "emailid": "lesile.alexander@gmail.com" },
      { "username": "Guy Hawkins", "phoneno": "+7(123)029-76-47", "emailid": "guy.hawkins@gmail.com" },

      { "username": "Robert Fox", "phoneno": "+7(123)029-76-47", "emailid": "robert.fox@gmail.com" },
      { "username": "Wade Warren", "phoneno": "+7(123)442-90-62", "emailid": "wade.warren@gmail.com" },
      { "username": "Bessie Cooper", "phoneno": "+7(123)712-21-31", "emailid": "bessie.cooper@gmail.com" },

      { "username": "Leslie Alexander", "phoneno": "+7(123)029-76-47", "emailid": "lesile.alexander@gmail.com" },
      { "username": "Dianne Russell", "phoneno": "+7(123)442-90-62", "emailid": "dianne.russell@gmail.com" },
      { "username": "Bessie Cooper", "phoneno": "+7(123)712-21-31", "emailid": "bessie.cooper@gmail.com" },

      { "username": "Leslie Alexander", "phoneno": "+7(123)029-76-47", "emailid": "lesile.alexander@gmail.com" },
      { "username": "Guy Hawkins", "phoneno": "+7(123)029-76-47", "emailid": "guy.hawkins@gmail.com" },
      { "username": "Robert Fox", "phoneno": "+7(123)712-21-31", "emailid": "robert.fox@gmail.com" },

      { "username": "Wade Warren", "phoneno": "+7(123)712-21-31", "emailid": "wade.warren@gmail.com" }
     
    ]
  }
  